channel_name,markov_result,first_touch,last_touch,linear_touch,total_cost,chanel_weight,cost_weight,roas,optimal_budget,CPA
Facebook,5940.39093,5908,6052,5957.793872,1481.7,0.30288028,0.305083699,0.992777658,1470.998655,0.249428029
Instagram,3665.366411,2634,2555,2570.135474,641.2,0.186884536,0.132023802,1.415536693,907.6421275,0.174934762
Online Display,2212.944631,2271,2246,2234.808961,554.9,0.112830502,0.114254535,0.987536309,547.9838978,0.250751868
Online Video,3250.793024,3803,3992,3937.387271,991.8,0.165746853,0.204212737,0.811638173,804.98274,0.305094785
Paid Search,4543.505005,4997,4768,4912.874421,1187.1,0.231657829,0.244425227,0.94776563,1125.092579,0.26127406